[{"model": "inventory.category", "pk": 1, "fields": {"name": "pencil", "category_type": "stationery", "description": "pencil single", "is_active": true, "created_date": "2026-01-26T15:16:50.102Z"}}, {"model": "inventory.category", "pk": 2, "fields": {"name": "book", "category_type": "books", "description": "", "is_active": true, "created_date": "2026-01-27T03:56:54.943Z"}}, {"model": "inventory.product", "pk": 1, "fields": {"sku": "100", "barcode": "None(1)", "product_name": "doms pencil x1", "category": 1, "description": "single pc", "image": "", "cost_price": "7.00", "selling_price": "10.00", "wholesale_price": null, "reorder_level": 1, "unit": "piece", "is_active": true, "created_date": "2026-01-26T15:17:19.543Z", "updated_date": "2026-01-27T05:35:27.737Z"}}, {"model": "inventory.product", "pk": 2, "fields": {"sku": "BOOK-TEST-1", "barcode": "None", "product_name": "Book Test", "category": 2, "description": "", "image": "", "cost_price": "10.00", "selling_price": "12.00", "wholesale_price": null, "reorder_level": 10, "unit": "piece", "is_active": true, "created_date": "2026-01-27T05:22:43.832Z", "updated_date": "2026-01-27T05:27:21.254Z"}}, {"model": "inventory.product", "pk": 3, "fields": {"sku": "Bottle", "barcode": null, "product_name": "Water bottle", "category": 2, "description": "", "image": "products/image.jpg", "cost_price": "250.00", "selling_price": "350.00", "wholesale_price": null, "reorder_level": 10, "unit": "piece", "is_active": true, "created_date": "2026-01-27T06:57:29.422Z", "updated_date": "2026-01-27T06:57:29.422Z"}}, {"model": "inventory.inventory", "pk": 1, "fields": {"product": 1, "quantity_in_stock": -4, "quantity_reserved": 0, "last_restock_date": null, "last_counted_date": null, "updated_date": "2026-01-27T06:39:51.488Z"}}, {"model": "inventory.inventory", "pk": 2, "fields": {"product": 2, "quantity_in_stock": -9, "quantity_reserved": 0, "last_restock_date": null, "last_counted_date": null, "updated_date": "2026-01-27T06:23:36.471Z"}}, {"model": "inventory.inventory", "pk": 3, "fields": {"product": 3, "quantity_in_stock": 0, "quantity_reserved": 0, "last_restock_date": null, "last_counted_date": null, "updated_date": "2026-01-27T06:57:29.426Z"}}, {"model": "customers.customer", "pk": 1, "fields": {"phone_number": "9845814830", "secondary_phone_number": "", "customer_name": "process rimal", "email": "process.rimal7@gmail.com", "address": "gaindakot 8 bijaychowk", "city": "GAINDAKOT", "notes": "", "current_credit": "200.00", "loyalty_points": 0, "registration_date": "2026-01-26T15:06:31.126Z", "updated_date": "2026-01-27T02:10:35.113Z"}}, {"model": "customers.customer", "pk": 3, "fields": {"phone_number": "9840505549", "secondary_phone_number": "9813260299", "customer_name": "srijana acharya", "email": "", "address": "", "city": "GAINDAKOT", "notes": "", "current_credit": "130.00", "loyalty_points": 0, "registration_date": "2026-01-27T03:14:04.471Z", "updated_date": "2026-01-27T06:13:39.506Z"}}, {"model": "customers.credittransaction", "pk": 1, "fields": {"customer": 1, "transaction_type": "purchase", "amount": "100.00", "balance_after": "100.00", "description": "", "related_sale": 6, "created_by": null, "transaction_date": "2026-01-27T02:07:40.959Z"}}, {"model": "customers.credittransaction", "pk": 2, "fields": {"customer": 1, "transaction_type": "purchase", "amount": "100.00", "balance_after": "200.00", "description": "", "related_sale": 7, "created_by": null, "transaction_date": "2026-01-27T02:10:35.113Z"}}, {"model": "customers.credittransaction", "pk": 3, "fields": {"customer": 3, "transaction_type": "purchase", "amount": "110.00", "balance_after": "110.00", "description": "", "related_sale": 8, "created_by": null, "transaction_date": "2026-01-27T03:14:30.324Z"}}, {"model": "customers.credittransaction", "pk": 4, "fields": {"customer": 3, "transaction_type": "purchase", "amount": "20.00", "balance_after": "130.00", "description": "", "related_sale": 10, "created_by": null, "transaction_date": "2026-01-27T06:13:39.507Z"}}, {"model": "sales.sale", "pk": 1, "fields": {"sale_number": "SAL2026012600001", "receipt_number": "REC2026012600001", "customer": 1, "cashier": 1, "sale_date": "2026-01-26T15:36:38.773Z", "subtotal": "10.00", "discount": "0.00", "discount_percent": "0.00", "tax": "0.00", "total_amount": "10.00", "payment_method": "cash", "payment_status": "paid", "paid_amount": "10.00", "notes": "", "is_printed": false}}, {"model": "sales.sale", "pk": 2, "fields": {"sale_number": "SAL2026012600002", "receipt_number": "REC2026012600002", "customer": 1, "cashier": 1, "sale_date": "2026-01-26T15:38:38.765Z", "subtotal": "10.00", "discount": "0.00", "discount_percent": "0.00", "tax": "0.00", "total_amount": "10.00", "payment_method": "cash", "payment_status": "paid", "paid_amount": "10.00", "notes": "", "is_printed": false}}, {"model": "sales.sale", "pk": 3, "fields": {"sale_number": "SAL2026012600003", "receipt_number": "REC2026012600003", "customer": 1, "cashier": 1, "sale_date": "2026-01-26T15:39:11.720Z", "subtotal": "100.00", "discount": "0.00", "discount_percent": "0.00", "tax": "0.00", "total_amount": "100.00", "payment_method": "credit", "payment_status": "partial", "paid_amount": "0.00", "notes": "", "is_printed": false}}, {"model": "sales.sale", "pk": 4, "fields": {"sale_number": "SAL2026012700004", "receipt_number": "REC2026012700004", "customer": 1, "cashier": 1, "sale_date": "2026-01-27T02:06:09.646Z", "subtotal": "10.00", "discount": "0.00", "discount_percent": "0.00", "tax": "0.00", "total_amount": "10.00", "payment_method": "cash", "payment_status": "paid", "paid_amount": "10.00", "notes": "", "is_printed": false}}, {"model": "sales.sale", "pk": 5, "fields": {"sale_number": "SAL2026012700005", "receipt_number": "REC2026012700005", "customer": 1, "cashier": 1, "sale_date": "2026-01-27T02:06:25.860Z", "subtotal": "100.00", "discount": "0.00", "discount_percent": "0.00", "tax": "0.00", "total_amount": "100.00", "payment_method": "credit", "payment_status": "partial", "paid_amount": "0.00", "notes": "", "is_printed": false}}, {"model": "sales.sale", "pk": 6, "fields": {"sale_number": "SAL2026012700006", "receipt_number": "REC2026012700006", "customer": 1, "cashier": 1, "sale_date": "2026-01-27T02:07:40.955Z", "subtotal": "100.00", "discount": "0.00", "discount_percent": "0.00", "tax": "0.00", "total_amount": "100.00", "payment_method": "credit", "payment_status": "partial", "paid_amount": "0.00", "notes": "", "is_printed": false}}, {"model": "sales.sale", "pk": 7, "fields": {"sale_number": "SAL2026012700007", "receipt_number": "REC2026012700007", "customer": 1, "cashier": 1, "sale_date": "2026-01-27T02:10:35.109Z", "subtotal": "100.00", "discount": "0.00", "discount_percent": "0.00", "tax": "0.00", "total_amount": "100.00", "payment_method": "credit", "payment_status": "partial", "paid_amount": "0.00", "notes": "", "is_printed": false}}, {"model": "sales.sale", "pk": 8, "fields": {"sale_number": "SAL2026012700008", "receipt_number": "REC2026012700008", "customer": 3, "cashier": 1, "sale_date": "2026-01-27T03:14:30.321Z", "subtotal": "110.00", "discount": "0.00", "discount_percent": "0.00", "tax": "0.00", "total_amount": "110.00", "payment_method": "credit", "payment_status": "partial", "paid_amount": "0.00", "notes": "", "is_printed": false}}, {"model": "sales.sale", "pk": 9, "fields": {"sale_number": "SAL2026012700009", "receipt_number": "REC2026012700009", "customer": 3, "cashier": 1, "sale_date": "2026-01-27T06:10:54.222Z", "subtotal": "10.00", "discount": "0.00", "discount_percent": "0.00", "tax": "0.00", "total_amount": "10.00", "payment_method": "card", "payment_status": "partial", "paid_amount": "9.00", "notes": "", "is_printed": false}}, {"model": "sales.sale", "pk": 10, "fields": {"sale_number": "SAL2026012700010", "receipt_number": "REC2026012700010", "customer": 3, "cashier": 1, "sale_date": "2026-01-27T06:13:39.503Z", "subtotal": "120.00", "discount": "0.00", "discount_percent": "0.00", "tax": "0.00", "total_amount": "120.00", "payment_method": "card", "payment_status": "partial", "paid_amount": "100.00", "notes": "", "is_printed": false}}, {"model": "sales.sale", "pk": 11, "fields": {"sale_number": "SAL2026012700011", "receipt_number": "REC2026012700011", "customer": 1, "cashier": 1, "sale_date": "2026-01-27T06:21:31.854Z", "subtotal": "12.00", "discount": "0.00", "discount_percent": "0.00", "tax": "0.00", "total_amount": "12.00", "payment_method": "cash", "payment_status": "paid", "paid_amount": "12.00", "notes": "", "is_printed": false}}, {"model": "sales.sale", "pk": 12, "fields": {"sale_number": "SAL2026012700012", "receipt_number": "REC2026012700012", "customer": 1, "cashier": 1, "sale_date": "2026-01-27T06:22:26.232Z", "subtotal": "12.00", "discount": "0.00", "discount_percent": "0.00", "tax": "0.00", "total_amount": "12.00", "payment_method": "cash", "payment_status": "paid", "paid_amount": "12.00", "notes": "", "is_printed": false}}, {"model": "sales.sale", "pk": 13, "fields": {"sale_number": "SAL2026012700013", "receipt_number": "REC2026012700013", "customer": 1, "cashier": 1, "sale_date": "2026-01-27T06:23:36.469Z", "subtotal": "24.00", "discount": "0.00", "discount_percent": "0.00", "tax": "0.00", "total_amount": "24.00", "payment_method": "cash", "payment_status": "paid", "paid_amount": "24.00", "notes": "", "is_printed": false}}, {"model": "sales.sale", "pk": 14, "fields": {"sale_number": "SAL2026012700014", "receipt_number": "REC2026012700014", "customer": 1, "cashier": 1, "sale_date": "2026-01-27T06:38:08.349Z", "subtotal": "10.00", "discount": "0.00", "discount_percent": "0.00", "tax": "0.00", "total_amount": "10.00", "payment_method": "cash", "payment_status": "paid", "paid_amount": "10.00", "notes": "", "is_printed": false}}, {"model": "sales.sale", "pk": 15, "fields": {"sale_number": "SAL2026012700015", "receipt_number": "REC2026012700015", "customer": 1, "cashier": 1, "sale_date": "2026-01-27T06:39:51.486Z", "subtotal": "20.00", "discount": "0.00", "discount_percent": "0.00", "tax": "0.00", "total_amount": "20.00", "payment_method": "cash", "payment_status": "paid", "paid_amount": "20.00", "notes": "", "is_printed": false}}, {"model": "sales.saleitem", "pk": 1, "fields": {"sale": 1, "product": 1, "quantity": 1, "unit_price": "10.00", "discount_percent": "0.00", "line_total": "10.00"}}, {"model": "sales.saleitem", "pk": 2, "fields": {"sale": 2, "product": 1, "quantity": 1, "unit_price": "10.00", "discount_percent": "0.00", "line_total": "10.00"}}, {"model": "sales.saleitem", "pk": 3, "fields": {"sale": 3, "product": 1, "quantity": 10, "unit_price": "10.00", "discount_percent": "0.00", "line_total": "100.00"}}, {"model": "sales.saleitem", "pk": 4, "fields": {"sale": 4, "product": 1, "quantity": 1, "unit_price": "10.00", "discount_percent": "0.00", "line_total": "10.00"}}, {"model": "sales.saleitem", "pk": 5, "fields": {"sale": 5, "product": 1, "quantity": 10, "unit_price": "10.00", "discount_percent": "0.00", "line_total": "100.00"}}, {"model": "sales.saleitem", "pk": 6, "fields": {"sale": 6, "product": 1, "quantity": 10, "unit_price": "10.00", "discount_percent": "0.00", "line_total": "100.00"}}, {"model": "sales.saleitem", "pk": 7, "fields": {"sale": 7, "product": 1, "quantity": 10, "unit_price": "10.00", "discount_percent": "0.00", "line_total": "100.00"}}, {"model": "sales.saleitem", "pk": 8, "fields": {"sale": 8, "product": 1, "quantity": 11, "unit_price": "10.00", "discount_percent": "0.00", "line_total": "110.00"}}, {"model": "sales.saleitem", "pk": 9, "fields": {"sale": 9, "product": 1, "quantity": 1, "unit_price": "10.00", "discount_percent": "0.00", "line_total": "10.00"}}, {"model": "sales.saleitem", "pk": 10, "fields": {"sale": 10, "product": 2, "quantity": 10, "unit_price": "12.00", "discount_percent": "0.00", "line_total": "120.00"}}, {"model": "sales.saleitem", "pk": 11, "fields": {"sale": 11, "product": 2, "quantity": 1, "unit_price": "12.00", "discount_percent": "0.00", "line_total": "12.00"}}, {"model": "sales.saleitem", "pk": 12, "fields": {"sale": 12, "product": 2, "quantity": 1, "unit_price": "12.00", "discount_percent": "0.00", "line_total": "12.00"}}, {"model": "sales.saleitem", "pk": 13, "fields": {"sale": 13, "product": 2, "quantity": 2, "unit_price": "12.00", "discount_percent": "0.00", "line_total": "24.00"}}, {"model": "sales.saleitem", "pk": 14, "fields": {"sale": 14, "product": 1, "quantity": 1, "unit_price": "10.00", "discount_percent": "0.00", "line_total": "10.00"}}, {"model": "sales.saleitem", "pk": 15, "fields": {"sale": 15, "product": 1, "quantity": 2, "unit_price": "10.00", "discount_percent": "0.00", "line_total": "20.00"}}]